"topic","start_value","end_value","delta","mse"
"legislation and policy",0.456612995931025,0.883978695044883,0.427365699113858,0.0145779972460617
"social services and public welfare",0.428457315474156,0.827525427566622,0.399068112092466,0.0093441852859975
"infrastructure and development",0.385756548423188,0.656997042058402,0.271240493635215,0.00733139628579718
"environmental and natural resources",0.393785527175529,0.746145066885394,0.352359539709866,0.00346336579907267
"government budget and administration",0.396450874502253,0.678245246925288,0.281794372423035,0.00551670132606513
"international relations and government",0.480116296310184,0.646624965969723,0.166508669659539,0.0063795409105403
"defense and military",0.406415616066744,0.604569758987305,0.198154142920561,0.00942428050843729
